{
  "execPath": "/home/student/.platformio/packages/toolchain-gccarmnoneeabi/bin/arm-none-eabi-g++",
  "gccDefaultCFlags": "-fsyntax-only -std=gnu99 -mcpu=cortex-m4 -mthumb -mfpu=fpv4-sp-d16 -mfloat-abi=softfp -c -Wall -Wextra -Wno-unused-parameter -Wno-missing-field-initializers -fmessage-length=0 -fno-exceptions -fno-builtin -ffunction-sections -fdata-sections -funsigned-char -fno-delete-null-pointer-checks -fomit-frame-pointer -Os -DNDEBUG -include mbed_config.h -DFEATURE_LWIP=1 -D__MBED__=1 -DDEVICE_I2CSLAVE=1 -D__FPU_PRESENT=1 -DTARGET_Freescale -DDEVICE_PORTINOUT=1 -DTARGET_RTOS_M4_M7 -DDEVICE_LOWPOWERTIMER=1 -DDEVICE_RTC=1 -DTOOLCHAIN_object -DDEVICE_SERIAL_ASYNCH=1 -D__CMSIS_RTOS -DFSL_RTOS_MBED -DDEVICE_STORAGE=1 -DTARGET_KPSDK_MCUS -DTOOLCHAIN_GCC -DTARGET_CORTEX_M -DTARGET_KSDK2_MCUS -DTARGET_LIKE_CORTEX_M4 -DDEVICE_ANALOGOUT=1 -DTARGET_M4 -DTARGET_UVISOR_UNSUPPORTED -DTARGET_K64F -DDEVICE_SPI_ASYNCH=1 -DDEVICE_PWMOUT=1 -DDEVICE_INTERRUPTIN=1 -DTARGET_CORTEX -DDEVICE_I2C=1 -DDEVICE_PORTOUT=1 -D__CORTEX_M4 -DDEVICE_STDIO_MESSAGES=1 -DCPU_MK64FN1M0VMD12 -DTARGET_LIKE_MBED -DTARGET_FF_ARDUINO -DTARGET_KPSDK_CODE -DTARGET_RELEASE -DDEVICE_SERIAL_FC=1 -DFEATURE_STORAGE=1 -DDEVICE_TRNG=1 -D__MBED_CMSIS_RTOS_CM -DDEVICE_SLEEP=1 -DTOOLCHAIN_GCC_ARM -DTARGET_FRDM -DTARGET_MCUXpresso_MCUS -DDEVICE_SPI=1 -DMBED_BUILD_TIMESTAMP=1514051521.21 -DDEVICE_SPISLAVE=1 -DDEVICE_ANALOGIN=1 -DDEVICE_SERIAL=1 -DDEVICE_FLASH=1 -DDEVICE_PORTIN=1 -DTARGET_MCU_K64F -DARM_MATH_CM4 -DPIO_FRAMEWORK_MBED_RTOS_PRESENT -DPIO_FRAMEWORK_MBED_EVENTS_PRESENT -DMBED_CONF_RTOS_PRESENT -DPLATFORMIO=30503",
  "gccDefaultCppFlags": "-fsyntax-only -std=gnu++98 -fno-rtti -Wvla -mcpu=cortex-m4 -mthumb -mfpu=fpv4-sp-d16 -mfloat-abi=softfp -c -Wall -Wextra -Wno-unused-parameter -Wno-missing-field-initializers -fmessage-length=0 -fno-exceptions -fno-builtin -ffunction-sections -fdata-sections -funsigned-char -fno-delete-null-pointer-checks -fomit-frame-pointer -Os -DNDEBUG -include mbed_config.h -DFEATURE_LWIP=1 -D__MBED__=1 -DDEVICE_I2CSLAVE=1 -D__FPU_PRESENT=1 -DTARGET_Freescale -DDEVICE_PORTINOUT=1 -DTARGET_RTOS_M4_M7 -DDEVICE_LOWPOWERTIMER=1 -DDEVICE_RTC=1 -DTOOLCHAIN_object -DDEVICE_SERIAL_ASYNCH=1 -D__CMSIS_RTOS -DFSL_RTOS_MBED -DDEVICE_STORAGE=1 -DTARGET_KPSDK_MCUS -DTOOLCHAIN_GCC -DTARGET_CORTEX_M -DTARGET_KSDK2_MCUS -DTARGET_LIKE_CORTEX_M4 -DDEVICE_ANALOGOUT=1 -DTARGET_M4 -DTARGET_UVISOR_UNSUPPORTED -DTARGET_K64F -DDEVICE_SPI_ASYNCH=1 -DDEVICE_PWMOUT=1 -DDEVICE_INTERRUPTIN=1 -DTARGET_CORTEX -DDEVICE_I2C=1 -DDEVICE_PORTOUT=1 -D__CORTEX_M4 -DDEVICE_STDIO_MESSAGES=1 -DCPU_MK64FN1M0VMD12 -DTARGET_LIKE_MBED -DTARGET_FF_ARDUINO -DTARGET_KPSDK_CODE -DTARGET_RELEASE -DDEVICE_SERIAL_FC=1 -DFEATURE_STORAGE=1 -DDEVICE_TRNG=1 -D__MBED_CMSIS_RTOS_CM -DDEVICE_SLEEP=1 -DTOOLCHAIN_GCC_ARM -DTARGET_FRDM -DTARGET_MCUXpresso_MCUS -DDEVICE_SPI=1 -DMBED_BUILD_TIMESTAMP=1514051521.21 -DDEVICE_SPISLAVE=1 -DDEVICE_ANALOGIN=1 -DDEVICE_SERIAL=1 -DDEVICE_FLASH=1 -DDEVICE_PORTIN=1 -DTARGET_MCU_K64F -DARM_MATH_CM4 -DPIO_FRAMEWORK_MBED_RTOS_PRESENT -DPIO_FRAMEWORK_MBED_EVENTS_PRESENT -DMBED_CONF_RTOS_PRESENT -DPLATFORMIO=30503",
  "gccErrorLimit": 15,
  "gccIncludePaths": "/home/student/.platformio/packages/framework-mbed,/home/student/.platformio/packages/framework-mbed/cmsis,/home/student/.platformio/packages/framework-mbed/cmsis/TARGET_CORTEX_M,/home/student/.platformio/packages/framework-mbed/drivers,/home/student/.platformio/packages/framework-mbed/hal,/home/student/.platformio/packages/framework-mbed/hal/storage_abstraction,/home/student/.platformio/packages/framework-mbed/platform,/home/student/.platformio/packages/framework-mbed/targets,/home/student/.platformio/packages/framework-mbed/targets/TARGET_Freescale,/home/student/.platformio/packages/framework-mbed/targets/TARGET_Freescale/TARGET_MCUXpresso_MCUS,/home/student/.platformio/packages/framework-mbed/targets/TARGET_Freescale/TARGET_MCUXpresso_MCUS/api,/home/student/.platformio/packages/framework-mbed/targets/TARGET_Freescale/TARGET_MCUXpresso_MCUS/TARGET_MCU_K64F,/home/student/.platformio/packages/framework-mbed/targets/TARGET_Freescale/TARGET_MCUXpresso_MCUS/TARGET_MCU_K64F/device,/home/student/.platformio/packages/framework-mbed/targets/TARGET_Freescale/TARGET_MCUXpresso_MCUS/TARGET_MCU_K64F/device/TOOLCHAIN_GCC_ARM,/home/student/.platformio/packages/framework-mbed/targets/TARGET_Freescale/TARGET_MCUXpresso_MCUS/TARGET_MCU_K64F/drivers,/home/student/.platformio/packages/framework-mbed/targets/TARGET_Freescale/TARGET_MCUXpresso_MCUS/TARGET_MCU_K64F/TARGET_FRDM,/home/student/.platformio/packages/framework-mbed/platformio/variants/K64F,/home/student/.platformio/packages/framework-mbed/rtos,/home/student/.platformio/packages/framework-mbed/rtos/TARGET_CORTEX,/home/student/.platformio/packages/framework-mbed/rtos/TARGET_CORTEX/rtx4,/home/student/.platformio/packages/framework-mbed/rtos/TARGET_CORTEX/rtx5,/home/student/.platformio/packages/framework-mbed/rtos/TARGET_CORTEX/rtx5/Include,/home/student/.platformio/packages/framework-mbed/rtos/TARGET_CORTEX/rtx5/RTX,/home/student/.platformio/packages/framework-mbed/rtos/TARGET_CORTEX/rtx5/RTX/Config,/home/student/.platformio/packages/framework-mbed/rtos/TARGET_CORTEX/rtx5/RTX/Include,/home/student/.platformio/packages/framework-mbed/rtos/TARGET_CORTEX/rtx5/RTX/Source,/home/student/.platformio/packages/framework-mbed/rtos/TARGET_CORTEX/rtx5/RTX/Source/TOOLCHAIN_GCC,/home/student/.platformio/packages/framework-mbed/rtos/TARGET_CORTEX/rtx5/RTX/Source/TOOLCHAIN_GCC/TARGET_RTOS_M4_M7,/home/student/.platformio/packages/framework-mbed/rtos/TARGET_CORTEX/rtx5/Source,/home/student/Desktop/lunar-lander/Controller/cont/src,/home/student/Desktop/lunar-lander/Controller/cont/.piolibdeps/C12832_ID2217,/home/student/Desktop/lunar-lander/Controller/cont/.piolibdeps/MotionSensor@src-02c97b5a71db856879a5b4377f01cbba,/home/student/Desktop/lunar-lander/Controller/cont/.piolibdeps/FXOS8700Q@src-2b6f97e71352ad192a46661226e81b6d,/home/student/.platformio/packages/framework-mbed/features,/home/student/.platformio/packages/framework-mbed/features/FEATURE_LWIP,/home/student/.platformio/packages/framework-mbed/features/FEATURE_LWIP/lwip-interface,/home/student/.platformio/packages/framework-mbed/features/FEATURE_LWIP/lwip-interface/lwip,/home/student/.platformio/packages/framework-mbed/features/FEATURE_LWIP/lwip-interface/lwip/src,/home/student/.platformio/packages/framework-mbed/features/FEATURE_LWIP/lwip-interface/lwip/src/api,/home/student/.platformio/packages/framework-mbed/features/FEATURE_LWIP/lwip-interface/lwip/src/core,/home/student/.platformio/packages/framework-mbed/features/FEATURE_LWIP/lwip-interface/lwip/src/core/ipv4,/home/student/.platformio/packages/framework-mbed/features/FEATURE_LWIP/lwip-interface/lwip/src/core/ipv6,/home/student/.platformio/packages/framework-mbed/features/FEATURE_LWIP/lwip-interface/lwip/src/include,/home/student/.platformio/packages/framework-mbed/features/FEATURE_LWIP/lwip-interface/lwip/src/include/lwip,/home/student/.platformio/packages/framework-mbed/features/FEATURE_LWIP/lwip-interface/lwip/src/include/lwip/priv,/home/student/.platformio/packages/framework-mbed/features/FEATURE_LWIP/lwip-interface/lwip/src/include/lwip/prot,/home/student/.platformio/packages/framework-mbed/features/FEATURE_LWIP/lwip-interface/lwip/src/include/netif,/home/student/.platformio/packages/framework-mbed/features/FEATURE_LWIP/lwip-interface/lwip/src/include/netif/ppp,/home/student/.platformio/packages/framework-mbed/features/FEATURE_LWIP/lwip-interface/lwip/src/include/netif/ppp/polarssl,/home/student/.platformio/packages/framework-mbed/features/FEATURE_LWIP/lwip-interface/lwip/src/netif,/home/student/.platformio/packages/framework-mbed/features/FEATURE_LWIP/lwip-interface/lwip/src/netif/ppp,/home/student/.platformio/packages/framework-mbed/features/FEATURE_LWIP/lwip-interface/lwip/src/netif/ppp/polarssl,/home/student/.platformio/packages/framework-mbed/features/FEATURE_LWIP/lwip-interface/lwip-eth,/home/student/.platformio/packages/framework-mbed/features/FEATURE_LWIP/lwip-interface/lwip-eth/arch,/home/student/.platformio/packages/framework-mbed/features/FEATURE_LWIP/lwip-interface/lwip-eth/arch/TARGET_Freescale,/home/student/.platformio/packages/framework-mbed/features/FEATURE_LWIP/lwip-interface/lwip-eth/arch/TARGET_Freescale/TARGET_K64F,/home/student/.platformio/packages/framework-mbed/features/FEATURE_LWIP/lwip-interface/lwip-sys,/home/student/.platformio/packages/framework-mbed/features/FEATURE_LWIP/lwip-interface/lwip-sys/arch,/home/student/.platformio/packages/framework-mbed/events,/home/student/.platformio/packages/framework-mbed/events/equeue,/home/student/.platformio/packages/framework-mbed/features/mbedtls,/home/student/.platformio/packages/framework-mbed/features/mbedtls/importer,/home/student/.platformio/packages/framework-mbed/features/mbedtls/inc,/home/student/.platformio/packages/framework-mbed/features/mbedtls/inc/mbedtls,/home/student/.platformio/packages/framework-mbed/features/mbedtls/platform,/home/student/.platformio/packages/framework-mbed/features/mbedtls/platform/inc,/home/student/.platformio/packages/framework-mbed/features/mbedtls/platform/src,/home/student/.platformio/packages/framework-mbed/features/mbedtls/src,/home/student/.platformio/packages/framework-mbed/features/mbedtls/targets,/home/student/.platformio/packages/framework-mbed/features/netsocket,/home/student/.platformio/packages/framework-mbed/features/netsocket/cellular,/home/student/.platformio/packages/framework-mbed/features/netsocket/cellular/generic_modem_driver,/home/student/.platformio/packages/framework-mbed/features/netsocket/cellular/utils,/home/student/.platformio/packages/framework-mbed/features/FEATURE_COMMON_PAL,/home/student/.platformio/packages/framework-mbed/features/FEATURE_COMMON_PAL/mbed-client-randlib,/home/student/.platformio/packages/framework-mbed/features/FEATURE_COMMON_PAL/mbed-client-randlib/mbed-client-randlib,/home/student/.platformio/packages/framework-mbed/features/FEATURE_COMMON_PAL/mbed-client-randlib/mbed-client-randlib/platform,/home/student/.platformio/packages/framework-mbed/features/FEATURE_COMMON_PAL/mbed-client-randlib/source,/home/student/.platformio/packages/framework-mbed/features/FEATURE_COMMON_PAL/mbed-coap,/home/student/.platformio/packages/framework-mbed/features/FEATURE_COMMON_PAL/mbed-coap/doxygen,/home/student/.platformio/packages/framework-mbed/features/FEATURE_COMMON_PAL/mbed-coap/mbed-coap,/home/student/.platformio/packages/framework-mbed/features/FEATURE_COMMON_PAL/mbed-coap/source,/home/student/.platformio/packages/framework-mbed/features/FEATURE_COMMON_PAL/mbed-coap/source/include,/home/student/.platformio/packages/framework-mbed/features/FEATURE_COMMON_PAL/mbed-trace,/home/student/.platformio/packages/framework-mbed/features/FEATURE_COMMON_PAL/mbed-trace/mbed-trace,/home/student/.platformio/packages/framework-mbed/features/FEATURE_COMMON_PAL/mbed-trace/source,/home/student/.platformio/packages/framework-mbed/features/FEATURE_COMMON_PAL/nanostack-hal-mbed-cmsis-rtos,/home/student/.platformio/packages/framework-mbed/features/FEATURE_COMMON_PAL/nanostack-hal-mbed-cmsis-rtos/cs_nvm,/home/student/.platformio/packages/framework-mbed/features/FEATURE_COMMON_PAL/nanostack-hal-mbed-cmsis-rtos/nvm,/home/student/.platformio/packages/framework-mbed/features/FEATURE_COMMON_PAL/nanostack-libservice,/home/student/.platformio/packages/framework-mbed/features/FEATURE_COMMON_PAL/nanostack-libservice/mbed-client-libservice,/home/student/.platformio/packages/framework-mbed/features/FEATURE_COMMON_PAL/nanostack-libservice/mbed-client-libservice/platform,/home/student/.platformio/packages/framework-mbed/features/FEATURE_COMMON_PAL/nanostack-libservice/source,/home/student/.platformio/packages/framework-mbed/features/FEATURE_COMMON_PAL/nanostack-libservice/source/IPv6_fcf_lib,/home/student/.platformio/packages/framework-mbed/features/FEATURE_COMMON_PAL/nanostack-libservice/source/libBits,/home/student/.platformio/packages/framework-mbed/features/FEATURE_COMMON_PAL/nanostack-libservice/source/libip6string,/home/student/.platformio/packages/framework-mbed/features/FEATURE_COMMON_PAL/nanostack-libservice/source/libList,/home/student/.platformio/packages/framework-mbed/features/FEATURE_COMMON_PAL/nanostack-libservice/source/libTrace,/home/student/.platformio/packages/framework-mbed/features/FEATURE_COMMON_PAL/nanostack-libservice/source/libTrace/scripts,/home/student/.platformio/packages/framework-mbed/features/FEATURE_COMMON_PAL/nanostack-libservice/source/nsdynmemLIB,/home/student/.platformio/packages/framework-mbed/features/FEATURE_COMMON_PAL/nanostack-libservice/source/nvmHelper,/home/student/.platformio/packages/framework-mbed/features/FEATURE_COMMON_PAL/sal-stack-nanostack-eventloop,/home/student/.platformio/packages/framework-mbed/features/FEATURE_COMMON_PAL/sal-stack-nanostack-eventloop/nanostack-event-loop,/home/student/.platformio/packages/framework-mbed/features/FEATURE_COMMON_PAL/sal-stack-nanostack-eventloop/nanostack-event-loop/platform,/home/student/.platformio/packages/framework-mbed/features/FEATURE_COMMON_PAL/sal-stack-nanostack-eventloop/source,/home/student/.platformio/packages/framework-mbed/features/FEATURE_UVISOR,/home/student/.platformio/packages/framework-mbed/features/FEATURE_UVISOR/importer,/home/student/.platformio/packages/framework-mbed/features/FEATURE_UVISOR/includes,/home/student/.platformio/packages/framework-mbed/features/FEATURE_UVISOR/includes/uvisor,/home/student/.platformio/packages/framework-mbed/features/FEATURE_UVISOR/includes/uvisor/api,/home/student/.platformio/packages/framework-mbed/features/FEATURE_UVISOR/includes/uvisor/api/inc,/home/student/.platformio/packages/framework-mbed/features/FEATURE_UVISOR/includes/uvisor-lib,/home/student/.platformio/packages/framework-mbed/features/FEATURE_UVISOR/includes/uvisor-lib/rtx,/home/student/.platformio/packages/framework-mbed/features/FEATURE_UVISOR/source,/home/student/.platformio/packages/framework-mbed/features/FEATURE_UVISOR/source/rtx,/home/student/.platformio/packages/framework-mbed/features/FEATURE_UVISOR/targets,/home/student/.platformio/packages/framework-mbed/features/FEATURE_UVISOR/targets/TARGET_UVISOR_UNSUPPORTED,/home/student/Desktop/lunar-lander/Controller/cont/.piolibdeps/FXOS8700Q,/home/student/Desktop/lunar-lander/Controller/cont/.piolibdeps/MotionSensor,/home/student/.platformio/packages/framework-mbed/features/unsupported/USBHost,/home/student/.platformio/packages/framework-mbed/features/unsupported,/home/student/.platformio/packages/framework-mbed/features/unsupported/USBHost/targets,/home/student/.platformio/packages/framework-mbed/features/unsupported/USBHost/USBHost,/home/student/.platformio/packages/framework-mbed/features/unsupported/USBHost/USBHost3GModule,/home/student/.platformio/packages/framework-mbed/features/unsupported/USBHost/USBHostHID,/home/student/.platformio/packages/framework-mbed/features/unsupported/USBHost/USBHostHub,/home/student/.platformio/packages/framework-mbed/features/unsupported/USBHost/USBHostMIDI,/home/student/.platformio/packages/framework-mbed/features/unsupported/USBHost/USBHostMSD,/home/student/.platformio/packages/framework-mbed/features/unsupported/USBHost/USBHostSerial,/home/student/.platformio/packages/framework-mbed/features/unsupported/USBDevice,/home/student/.platformio/packages/framework-mbed/features/unsupported/USBDevice/targets,/home/student/.platformio/packages/framework-mbed/features/unsupported/USBDevice/targets/TARGET_Freescale,/home/student/.platformio/packages/framework-mbed/features/unsupported/USBDevice/USBAudio,/home/student/.platformio/packages/framework-mbed/features/unsupported/USBDevice/USBDevice,/home/student/.platformio/packages/framework-mbed/features/unsupported/USBDevice/USBHID,/home/student/.platformio/packages/framework-mbed/features/unsupported/USBDevice/USBMIDI,/home/student/.platformio/packages/framework-mbed/features/unsupported/USBDevice/USBMSD,/home/student/.platformio/packages/framework-mbed/features/unsupported/USBDevice/USBSerial,/home/student/.platformio/packages/framework-mbed/features/storage/FEATURE_STORAGE,/home/student/.platformio/packages/framework-mbed/features/storage,/home/student/.platformio/packages/framework-mbed/features/storage/FEATURE_STORAGE/cfstore,/home/student/.platformio/packages/framework-mbed/features/storage/FEATURE_STORAGE/cfstore/configuration-store,/home/student/.platformio/packages/framework-mbed/features/storage/FEATURE_STORAGE/cfstore/doc,/home/student/.platformio/packages/framework-mbed/features/storage/FEATURE_STORAGE/cfstore/doc/design,/home/student/.platformio/packages/framework-mbed/features/storage/FEATURE_STORAGE/cfstore/doc/design/pics,/home/student/.platformio/packages/framework-mbed/features/storage/FEATURE_STORAGE/cfstore/doc/design/umlet,/home/student/.platformio/packages/framework-mbed/features/storage/FEATURE_STORAGE/cfstore/doc/project,/home/student/.platformio/packages/framework-mbed/features/storage/FEATURE_STORAGE/cfstore/source,/home/student/.platformio/packages/framework-mbed/features/storage/FEATURE_STORAGE/flash-journal,/home/student/.platformio/packages/framework-mbed/features/storage/FEATURE_STORAGE/flash-journal/flash-journal-strategy-sequential,/home/student/.platformio/packages/framework-mbed/features/storage/FEATURE_STORAGE/storage-volume-manager,/home/student/.platformio/packages/framework-mbed/features/storage/FEATURE_STORAGE/storage-volume-manager/source,/home/student/.platformio/packages/framework-mbed/features/storage/FEATURE_STORAGE/storage-volume-manager/storage-volume-manager,/home/student/.platformio/packages/framework-mbed/features/nanostack/FEATURE_NANOSTACK,/home/student/.platformio/packages/framework-mbed/features/nanostack,/home/student/.platformio/packages/framework-mbed/features/nanostack/FEATURE_NANOSTACK/coap-service,/home/student/.platformio/packages/framework-mbed/features/nanostack/FEATURE_NANOSTACK/coap-service/coap-service,/home/student/.platformio/packages/framework-mbed/features/nanostack/FEATURE_NANOSTACK/coap-service/source,/home/student/.platformio/packages/framework-mbed/features/nanostack/FEATURE_NANOSTACK/coap-service/source/include,/home/student/.platformio/packages/framework-mbed/features/nanostack/FEATURE_NANOSTACK/mbed-mesh-api,/home/student/.platformio/packages/framework-mbed/features/nanostack/FEATURE_NANOSTACK/mbed-mesh-api/mbed-mesh-api,/home/student/.platformio/packages/framework-mbed/features/nanostack/FEATURE_NANOSTACK/mbed-mesh-api/source,/home/student/.platformio/packages/framework-mbed/features/nanostack/FEATURE_NANOSTACK/mbed-mesh-api/source/include,/home/student/.platformio/packages/framework-mbed/features/nanostack/FEATURE_NANOSTACK/nanostack-interface,/home/student/.platformio/packages/framework-mbed/features/nanostack/FEATURE_NANOSTACK/sal-stack-nanostack,/home/student/.platformio/packages/framework-mbed/features/nanostack/FEATURE_NANOSTACK/sal-stack-nanostack/docs,/home/student/.platformio/packages/framework-mbed/features/nanostack/FEATURE_NANOSTACK/sal-stack-nanostack/docs/img,/home/student/.platformio/packages/framework-mbed/features/nanostack/FEATURE_NANOSTACK/sal-stack-nanostack/doxygen,/home/student/.platformio/packages/framework-mbed/features/nanostack/FEATURE_NANOSTACK/sal-stack-nanostack/nanostack,/home/student/.platformio/packages/framework-mbed/features/nanostack/FEATURE_NANOSTACK/sal-stack-nanostack/nanostack/platform,/home/student/.platformio/packages/framework-mbed/features/nanostack/FEATURE_NANOSTACK/sal-stack-nanostack/source,/home/student/.platformio/packages/framework-mbed/features/nanostack/FEATURE_NANOSTACK/sal-stack-nanostack/source/6LoWPAN,/home/student/.platformio/packages/framework-mbed/features/nanostack/FEATURE_NANOSTACK/sal-stack-nanostack/source/6LoWPAN/Bootstraps,/home/student/.platformio/packages/framework-mbed/features/nanostack/FEATURE_NANOSTACK/sal-stack-nanostack/source/6LoWPAN/Bootstraps/Generic,/home/student/.platformio/packages/framework-mbed/features/nanostack/FEATURE_NANOSTACK/sal-stack-nanostack/source/6LoWPAN/Fragmentation,/home/student/.platformio/packages/framework-mbed/features/nanostack/FEATURE_NANOSTACK/sal-stack-nanostack/source/6LoWPAN/IPHC_Decode,/home/student/.platformio/packages/framework-mbed/features/nanostack/FEATURE_NANOSTACK/sal-stack-nanostack/source/6LoWPAN/MAC,/home/student/.platformio/packages/framework-mbed/features/nanostack/FEATURE_NANOSTACK/sal-stack-nanostack/source/6LoWPAN/Mesh,/home/student/.platformio/packages/framework-mbed/features/nanostack/FEATURE_NANOSTACK/sal-stack-nanostack/source/6LoWPAN/ND,/home/student/.platformio/packages/framework-mbed/features/nanostack/FEATURE_NANOSTACK/sal-stack-nanostack/source/6LoWPAN/NVM,/home/student/.platformio/packages/framework-mbed/features/nanostack/FEATURE_NANOSTACK/sal-stack-nanostack/source/6LoWPAN/Thread,/home/student/.platformio/packages/framework-mbed/features/nanostack/FEATURE_NANOSTACK/sal-stack-nanostack/source/BorderRouter,/home/student/.platformio/packages/framework-mbed/features/nanostack/FEATURE_NANOSTACK/sal-stack-nanostack/source/Common_Protocols,/home/student/.platformio/packages/framework-mbed/features/nanostack/FEATURE_NANOSTACK/sal-stack-nanostack/source/configs,/home/student/.platformio/packages/framework-mbed/features/nanostack/FEATURE_NANOSTACK/sal-stack-nanostack/source/configs/base,/home/student/.platformio/packages/framework-mbed/features/nanostack/FEATURE_NANOSTACK/sal-stack-nanostack/source/Core,/home/student/.platformio/packages/framework-mbed/features/nanostack/FEATURE_NANOSTACK/sal-stack-nanostack/source/Core/include,/home/student/.platformio/packages/framework-mbed/features/nanostack/FEATURE_NANOSTACK/sal-stack-nanostack/source/DHCPv6_Server,/home/student/.platformio/packages/framework-mbed/features/nanostack/FEATURE_NANOSTACK/sal-stack-nanostack/source/ipv6_stack,/home/student/.platformio/packages/framework-mbed/features/nanostack/FEATURE_NANOSTACK/sal-stack-nanostack/source/libDHCPv6,/home/student/.platformio/packages/framework-mbed/features/nanostack/FEATURE_NANOSTACK/sal-stack-nanostack/source/libNET,/home/student/.platformio/packages/framework-mbed/features/nanostack/FEATURE_NANOSTACK/sal-stack-nanostack/source/libNET/src,/home/student/.platformio/packages/framework-mbed/features/nanostack/FEATURE_NANOSTACK/sal-stack-nanostack/source/MAC,/home/student/.platformio/packages/framework-mbed/features/nanostack/FEATURE_NANOSTACK/sal-stack-nanostack/source/MAC/ethernet,/home/student/.platformio/packages/framework-mbed/features/nanostack/FEATURE_NANOSTACK/sal-stack-nanostack/source/MAC/IEEE802_15_4,/home/student/.platformio/packages/framework-mbed/features/nanostack/FEATURE_NANOSTACK/sal-stack-nanostack/source/MAC/serial,/home/student/.platformio/packages/framework-mbed/features/nanostack/FEATURE_NANOSTACK/sal-stack-nanostack/source/MAC/virtual_rf,/home/student/.platformio/packages/framework-mbed/features/nanostack/FEATURE_NANOSTACK/sal-stack-nanostack/source/MLE,/home/student/.platformio/packages/framework-mbed/features/nanostack/FEATURE_NANOSTACK/sal-stack-nanostack/source/MPL,/home/student/.platformio/packages/framework-mbed/features/nanostack/FEATURE_NANOSTACK/sal-stack-nanostack/source/NWK_INTERFACE,/home/student/.platformio/packages/framework-mbed/features/nanostack/FEATURE_NANOSTACK/sal-stack-nanostack/source/NWK_INTERFACE/Include,/home/student/.platformio/packages/framework-mbed/features/nanostack/FEATURE_NANOSTACK/sal-stack-nanostack/source/RPL,/home/student/.platformio/packages/framework-mbed/features/nanostack/FEATURE_NANOSTACK/sal-stack-nanostack/source/Security,/home/student/.platformio/packages/framework-mbed/features/nanostack/FEATURE_NANOSTACK/sal-stack-nanostack/source/Security/Common,/home/student/.platformio/packages/framework-mbed/features/nanostack/FEATURE_NANOSTACK/sal-stack-nanostack/source/Security/PANA,/home/student/.platformio/packages/framework-mbed/features/nanostack/FEATURE_NANOSTACK/sal-stack-nanostack/source/Security/TLS,/home/student/.platformio/packages/framework-mbed/features/nanostack/FEATURE_NANOSTACK/sal-stack-nanostack/source/Service_Libs,/home/student/.platformio/packages/framework-mbed/features/nanostack/FEATURE_NANOSTACK/sal-stack-nanostack/source/Service_Libs/blacklist,/home/student/.platformio/packages/framework-mbed/features/nanostack/FEATURE_NANOSTACK/sal-stack-nanostack/source/Service_Libs/CCM_lib,/home/student/.platformio/packages/framework-mbed/features/nanostack/FEATURE_NANOSTACK/sal-stack-nanostack/source/Service_Libs/CCM_lib/mbedOS,/home/student/.platformio/packages/framework-mbed/features/nanostack/FEATURE_NANOSTACK/sal-stack-nanostack/source/Service_Libs/etx,/home/student/.platformio/packages/framework-mbed/features/nanostack/FEATURE_NANOSTACK/sal-stack-nanostack/source/Service_Libs/fhss,/home/student/.platformio/packages/framework-mbed/features/nanostack/FEATURE_NANOSTACK/sal-stack-nanostack/source/Service_Libs/fnv_hash,/home/student/.platformio/packages/framework-mbed/features/nanostack/FEATURE_NANOSTACK/sal-stack-nanostack/source/Service_Libs/load_balance,/home/student/.platformio/packages/framework-mbed/features/nanostack/FEATURE_NANOSTACK/sal-stack-nanostack/source/Service_Libs/mdns,/home/student/.platformio/packages/framework-mbed/features/nanostack/FEATURE_NANOSTACK/sal-stack-nanostack/source/Service_Libs/mdns/fnet,/home/student/.platformio/packages/framework-mbed/features/nanostack/FEATURE_NANOSTACK/sal-stack-nanostack/source/Service_Libs/mdns/fnet/fnet_stack,/home/student/.platformio/packages/framework-mbed/features/nanostack/FEATURE_NANOSTACK/sal-stack-nanostack/source/Service_Libs/mdns/fnet/fnet_stack/port,/home/student/.platformio/packages/framework-mbed/features/nanostack/FEATURE_NANOSTACK/sal-stack-nanostack/source/Service_Libs/mdns/fnet/fnet_stack/port/compiler,/home/student/.platformio/packages/framework-mbed/features/nanostack/FEATURE_NANOSTACK/sal-stack-nanostack/source/Service_Libs/mdns/fnet/fnet_stack/port/cpu,/home/student/.platformio/packages/framework-mbed/features/nanostack/FEATURE_NANOSTACK/sal-stack-nanostack/source/Service_Libs/mdns/fnet/fnet_stack/services,/home/student/.platformio/packages/framework-mbed/features/nanostack/FEATURE_NANOSTACK/sal-stack-nanostack/source/Service_Libs/mdns/fnet/fnet_stack/services/dns,/home/student/.platformio/packages/framework-mbed/features/nanostack/FEATURE_NANOSTACK/sal-stack-nanostack/source/Service_Libs/mdns/fnet/fnet_stack/services/mdns,/home/student/.platformio/packages/framework-mbed/features/nanostack/FEATURE_NANOSTACK/sal-stack-nanostack/source/Service_Libs/mdns/fnet/fnet_stack/services/poll,/home/student/.platformio/packages/framework-mbed/features/nanostack/FEATURE_NANOSTACK/sal-stack-nanostack/source/Service_Libs/mdns/fnet/fnet_stack/services/serial,/home/student/.platformio/packages/framework-mbed/features/nanostack/FEATURE_NANOSTACK/sal-stack-nanostack/source/Service_Libs/mdns/fnet/fnet_stack/stack,/home/student/.platformio/packages/framework-mbed/features/nanostack/FEATURE_NANOSTACK/sal-stack-nanostack/source/Service_Libs/mle_service,/home/student/.platformio/packages/framework-mbed/features/nanostack/FEATURE_NANOSTACK/sal-stack-nanostack/source/Service_Libs/nd_proxy,/home/student/.platformio/packages/framework-mbed/features/nanostack/FEATURE_NANOSTACK/sal-stack-nanostack/source/Service_Libs/Neighbor_cache,/home/student/.platformio/packages/framework-mbed/features/nanostack/FEATURE_NANOSTACK/sal-stack-nanostack/source/Service_Libs/pan_blacklist,/home/student/.platformio/packages/framework-mbed/features/nanostack/FEATURE_NANOSTACK/sal-stack-nanostack/source/Service_Libs/SHA256_Lib,/home/student/.platformio/packages/framework-mbed/features/nanostack/FEATURE_NANOSTACK/sal-stack-nanostack/source/Service_Libs/Trickle,/home/student/.platformio/packages/framework-mbed/features/nanostack/FEATURE_NANOSTACK/sal-stack-nanostack/source/Service_Libs/utils,/home/student/.platformio/packages/framework-mbed/features/nanostack/FEATURE_NANOSTACK/sal-stack-nanostack/source/Service_Libs/whiteboard,/home/student/.platformio/packages/framework-mbed/features/nanostack/FEATURE_NANOSTACK/targets,/home/student/.platformio/packages/framework-mbed/features/unsupported/dsp,/home/student/.platformio/packages/framework-mbed/features/unsupported/dsp/cmsis_dsp,/home/student/.platformio/packages/framework-mbed/features/unsupported/dsp/cmsis_dsp/BasicMathFunctions,/home/student/.platformio/packages/framework-mbed/features/unsupported/dsp/cmsis_dsp/CommonTables,/home/student/.platformio/packages/framework-mbed/features/unsupported/dsp/cmsis_dsp/ComplexMathFunctions,/home/student/.platformio/packages/framework-mbed/features/unsupported/dsp/cmsis_dsp/ControllerFunctions,/home/student/.platformio/packages/framework-mbed/features/unsupported/dsp/cmsis_dsp/FastMathFunctions,/home/student/.platformio/packages/framework-mbed/features/unsupported/dsp/cmsis_dsp/FilteringFunctions,/home/student/.platformio/packages/framework-mbed/features/unsupported/dsp/cmsis_dsp/MatrixFunctions,/home/student/.platformio/packages/framework-mbed/features/unsupported/dsp/cmsis_dsp/StatisticsFunctions,/home/student/.platformio/packages/framework-mbed/features/unsupported/dsp/cmsis_dsp/SupportFunctions,/home/student/.platformio/packages/framework-mbed/features/unsupported/dsp/cmsis_dsp/TransformFunctions,/home/student/.platformio/packages/framework-mbed/features/unsupported/dsp/dsp,/home/student/.platformio/packages/framework-mbed/features/unsupported/rpc,/home/student/.platformio/packages/framework-mbed/features/filesystem,/home/student/.platformio/packages/framework-mbed/features/filesystem/bd,/home/student/.platformio/packages/framework-mbed/features/filesystem/fat,/home/student/.platformio/packages/framework-mbed/features/filesystem/fat/ChaN,/home/student/.platformio/packages/framework-mbed/features/filesystem/littlefs,/home/student/.platformio/packages/framework-mbed/features/filesystem/littlefs/littlefs,/home/student/.platformio/packages/framework-mbed/features/FEATURE_BLE,/home/student/.platformio/packages/framework-mbed/features/FEATURE_BLE/ble,/home/student/.platformio/packages/framework-mbed/features/FEATURE_BLE/ble/generic,/home/student/.platformio/packages/framework-mbed/features/FEATURE_BLE/ble/pal,/home/student/.platformio/packages/framework-mbed/features/FEATURE_BLE/ble/services,/home/student/.platformio/packages/framework-mbed/features/FEATURE_BLE/source,/home/student/.platformio/packages/framework-mbed/features/FEATURE_BLE/source/generic,/home/student/.platformio/packages/framework-mbed/features/FEATURE_BLE/source/services,/home/student/.platformio/packages/framework-mbed/features/FEATURE_BLE/targets,/home/student/.platformio/packages/toolchain-gccarmnoneeabi/arm-none-eabi/include,/home/student/.platformio/packages/toolchain-gccarmnoneeabi/arm-none-eabi/include/c++/6.3.1,/home/student/.platformio/packages/toolchain-gccarmnoneeabi/arm-none-eabi/include/c++/6.3.1/arm-none-eabi,/home/student/.platformio/packages/toolchain-gccarmnoneeabi/lib/gcc/arm-none-eabi/6.3.1/include-fixed,/home/student/.platformio/packages/toolchain-gccarmnoneeabi/lib/gcc/arm-none-eabi/6.3.1/include,/home/student/.platformio/packages/tool-unity",
  "gccSuppressWarnings": false
}
