<?xml version="1.0" encoding="UTF-8"?>
<project-private xmlns="http://www.netbeans.org/ns/project-private/1">
    <editor-bookmarks xmlns="http://www.netbeans.org/ns/editor-bookmarks/2" lastBookmarkId="0"/>
    <open-files xmlns="http://www.netbeans.org/ns/projectui-open-files/2">
        <group>
            <file>file:/home/student/Desktop/lunar-lander/LanderDash/lunarLander/src/landerdash/DatagramPanel.java</file>
            <file>file:/home/student/Desktop/lunar-lander/LanderDash/lunarLander/src/landerdash/OrientationDisplay.java</file>
            <file>file:/home/student/Desktop/lunar-lander/LanderDash/lunarLander/src/landerdash/AltitudeDisplay.java</file>
            <file>file:/home/student/Desktop/lunar-lander/LanderDash/lunarLander/src/landerdash/ControlDisplay.java</file>
            <file>file:/home/student/Desktop/lunar-lander/LanderDash/lunarLander/src/landerdash/FlyingDisplay.java</file>
            <file>file:/home/student/Desktop/lunar-lander/LanderDash/lunarLander/src/landerdash/LanderDash.java</file>
            <file>file:/home/student/Desktop/lunar-lander/LanderDash/lunarLander/src/landerdash/FuelDisplay.java</file>
        </group>
    </open-files>
</project-private>
